season,player_name,position,draft_status,total_turnovers
2024,Fred Warner,LB,3,8
2024,Aidan Hutchinson,DE,1,8
2024,Sam Hubbard,DE,3,7
2024,Cobie Durant,CB,Undrafted,7
2024,Kaden Elliss,LB,7,6
2024,Patrick Queen,LB,1,6
2024,Osa Odighizuwa,DT,3,6
2024,Derek Stingley Jr.,CB,1,6
2024,Brian Branch,S,2,6
2023,Myles Garrett,DE,1,8
2023,T.J. Watt,DE,1,8
2023,Rashan Gary,DE,1,8
2023,Malcolm Koonce,DE,3,8
2023,Bradley Chubb,DE,1,7
2022,Trey Hendrickson,DE,3,11
2022,Michael Danna,DE,5,8
2022,Haason Reddick,DE,1,7
2022,Jerry Hughes,DE,1,6
2022,Matt Judon,DE,5,6
2022,Justin Simmons,S,3,6
2022,Jonathan Allen,DT,1,6
2022,Asante Samuel,CB,2,6
2022,Jalen Pitre,S,2,6
2021,Chandler Jones,DE,1,8
2021,Randy Gregory,DE,2,7
2021,Trevis Gipson,DE,5,7
2021,Josh Norman,CB,5,6
2021,Damien Wilson,LB,4,6
2021,Xavier Woods,S,6,6
2021,Shaquille Leonard,LB,2,6
2020,Haason Reddick,DE,1,12
2020,Randy Gregory,DE,2,8
2020,Chris Jones,DT,2,8
2020,Clelin Ferrell,DE,1,8
2020,Tarell Basham,DE,3,7
2019,Ryan Anderson,LB,2,10
2019,Jamal Adams,S,1,9
2019,Whitney Mercilus,DE,1,8
2019,K'Waun Williams,CB,Undrafted,8
2019,Vic Beasley,LB,1,8
2019,T.J. Watt,DE,1,8
2018,J.J. Watt,DT,1,8
2018,Justin Houston,DE,3,8
2018,Dee Ford,DE,1,8
2018,Aaron Donald,DT,1,8
2018,Frank Clark,DE,2,8
2018,T.J. Watt,DE,1,8
2018,Shaquille Leonard,LB,2,8
2017,Chris Jones,DT,2,9
2017,Jabaal Sheard,DE,2,8
2017,Chris McCain,DE,Undrafted,8
2017,Yannick Ngakoue,DE,3,8
2017,Adrian Clayborn,DE,1,7
2017,Joey Bosa,DE,1,7
2016,Terrell Suggs,LB,1,9
2016,Cameron Wake,LB,Undrafted,8
2016,David Irving,DT,Undrafted,7
2016,Vic Beasley,LB,1,7
2016,Cameron Wake,LB,Undrafted,6
2016,Thomas Davis,LB,1,6
2016,Jason Pierre-Paul,DE,1,6
2016,Star Lotulelei,DT,1,6
2016,Stacy McGee,DT,6,6
2016,Khalil Mack,DE,1,6
2015,Brandon Graham,DE,1,8
2015,Jabaal Sheard,DE,2,8
2015,Fletcher Cox,DT,1,8
2015,Steve Williams,CB,Undrafted,8
2015,Kawann Short,DT,2,8
2014,Cameron Wake,LB,Undrafted,8
2014,Robert Quinn,DE,1,8
2014,Andre Branch,DE,2,7
2014,Julius Peppers,DE,1,6
2014,Quintin Demps,SS,Undrafted,6
2014,Jerry Hughes,DE,1,6
2014,Stephen Paea,DT,Undrafted,6
2014,Bruce Irvin,DE,1,6
2014,Josh Norman,CB,5,6
2014,Kyle Fuller,CB,1,6
2013,Tamba Hali,OLB,Undrafted,10
2013,John Abraham,OLB,Undrafted,8
2013,Elvis Dumervil,DE,Undrafted,8
2013,Ahmad Brooks,LB,3,8
2013,Osi Umenyiora,DE,Undrafted,7
2013,Antrel Rolle,S,Undrafted,7
2013,Michael Bennett,DE,Undrafted,7
2013,Robert Quinn,DE,1,7
2012,Aldon Smith,DE,1,9
2012,Charles Tillman,CB,Undrafted,8
2012,Tom Zbikowski,SS,Undrafted,8
2012,DeMarcus Ware,DE,Undrafted,7
2012,Elvis Dumervil,DE,Undrafted,7
2012,Charles Johnson,DE,Undrafted,7
2012,Rob Jackson,OLB,Undrafted,7
2012,Carlos Dunlap,DE,2,7
2012,Von Miller,DE,1,7
